<?xml version="1.0" encoding="UTF-8"?><!--
        *** GENERATED FROM jax-ws.xml - DO NOT EDIT !                             ***
        *** TO MODIFY wsimport options USE Web Service node -> Edit WS Attributes ***
        *** TO CHANGE TARGETS GENERATED TO jaxws-build.xml COPY THOSE             ***
        *** TARGETS TO ../build.xml AND MODIFY THAT FILE INSTEAD                  ***

        --><project xmlns:xalan="http://xml.apache.org/xslt" xmlns:j2seproject3="http://www.netbeans.org/ns/j2se-project/3" xmlns:jaxws="http://www.netbeans.org/ns/jax-ws/1">
    <!--
                ===================
                JAX-WS WSIMPORT SECTION
                ===================
            -->
    <target name="wsimport-init" depends="init">
        <mkdir dir="${build.generated.sources.dir}/jax-ws"/>
        <taskdef name="wsimport" classname="com.sun.tools.ws.ant.WsImport">
            <classpath path="${libs.metro.classpath}"/>
        </taskdef>
    </target>
    <target name="wsimport-client-HolidayReservationSystemWS" depends="wsimport-init">
        <mkdir dir="${build.generated.dir}/jax-wsCache/HolidayReservationSystemWS"/>
        <property name="wsdl-HolidayReservationSystemWS" location="xml-resources/web-service-references/HolidayReservationSystemWS/wsdl/localhost_8080/HolidayReservationSystemWS/HolidayReservationSystemWS.wsdl"/>
        <wsimport sourcedestdir="${build.generated.dir}/jax-wsCache/HolidayReservationSystemWS" destdir="${build.generated.dir}/jax-wsCache/HolidayReservationSystemWS" wsdl="${wsdl-HolidayReservationSystemWS}" catalog="catalog.xml" encoding="${source.encoding}" extension="true" verbose="true" fork="false" wsdlLocation="http://localhost:8080/HolidayReservationSystemWS/HolidayReservationSystemWS?wsdl" xnocompile="true" xendorsed="true" package="client.ws">
            <depends file="${wsdl-HolidayReservationSystemWS}"/>
            <produces dir="${build.generated.dir}/jax-wsCache/HolidayReservationSystemWS"/>
        </wsimport>
        <copy todir="${build.generated.sources.dir}/jax-ws">
            <fileset dir="${build.generated.dir}/jax-wsCache/HolidayReservationSystemWS">
                <include name="**/*.java"/>
            </fileset>
        </copy>
    </target>
    <target name="wsimport-client-clean-HolidayReservationSystemWS" depends="-init-project">
        <delete dir="${build.generated.dir}/jax-wsCache/HolidayReservationSystemWS"/>
        <delete dir="${build.generated.sources.dir}/jax-ws/client/ws"/>
    </target>
    <target name="wsimport-client-generate" depends="wsimport-client-HolidayReservationSystemWS"/>
</project>
